{
    "inspiration": [
        {
          
          "imagen": "https://assets.churchofjesuschrist.org/4c/1e/4c1ea24595960700f32a592fe8987f6f41ef2852/jesus_casting_out_devils.jpeg"
        },
        {
         
          "imagen": "https://assets.churchofjesuschrist.org/0b/a1/0ba106eb0e658c6262f3c6e0a48604f739665b851060239/christ_land_bountiful.jpeg"
        },
        {
  
          "imagen": "https://assets.churchofjesuschrist.org/81/6b/816bfc61171558937d7b4a7ed3a84054eb6798bd/bible_video_jesus_miracles.jpeg"
        },
        {
    
            "imagen": "https://assets.churchofjesuschrist.org/32/ad/32ad5ab08a6e301fbe03d3f7607d08c8f3b3a036/jesus_blessing_the_children.jpeg"
          }
        ]
}